INSERT INTO Ville (nom, code_Postal)
VALUES ('Saint-Herblain', '44800'),
       ('Nantes', '44100'),
       ('Chartres De Bretagne', '35131'),
       ('La Roche Sur Yon', '85000'),
       ('Paris', '75000'),
       ('Lyon', '69000'),
       ('Marseille', '13000'),
       ('Toulouse', '31000'),
       ('Nantes', '44000'),
       ('Lille', '59000');


INSERT INTO site (id, nom)
VALUES (1, 'CGT'),
       (2, 'CFDT'),
       (3, 'FO'),
       (4, 'Solidaires'),
       (5, 'FSU');



INSERT INTO participant (email, site_id, roles, password, nom, prenom, telephone, administrateur, actif)
VALUES ('admin@menifestation.com', 1, JSON_ARRAY('ROLE_ADMIN'),
        '$2y$13$8OgVsX8l2cefcTYFnwkem./gL3fyqkZ/3SnA0I7va2YF9G0zoSFM2', 'admin', 'admin', '0000000000', 1, 1),
       ('membre@menifestation.com', 2, JSON_ARRAY('ROLE_USER'),
        '$2y$13$37edNM40O482PEof5n7b2OdCJaYKvgC5Sw1nCQcvGlWbCxuBc5PI2', 'membre', 'membre', '0000000000', 0, 1),
       ('jean.dupont@menifestation.com', 3, JSON_ARRAY('ROLE_USER'),
        '$2y$13$37edNM40O482PEof5n7b2OdCJaYKvgC5Sw1nCQcvGlWbCxuBc5PI2', 'Dupont', 'Jean', '0123456789', 0, 1),
       ('marie.martin@menifestation.com', 1, JSON_ARRAY('ROLE_USER'),
        '$2y$13$37edNM40O482PEof5n7b2OdCJaYKvgC5Sw1nCQcvGlWbCxuBc5PI2', 'Martin', 'Marie', '0234567891', 0, 1),
       ('pierre.bernard@menifestation.com', 2, JSON_ARRAY('ROLE_USER'),
        '$2y$13$37edNM40O482PEof5n7b2OdCJaYKvgC5Sw1nCQcvGlWbCxuBc5PI2', 'Bernard', 'Pierre', '0345678912', 0, 1),
       ('sophie.thomas@menifestation.com', 4, JSON_ARRAY('ROLE_USER'),
        '$2y$13$37edNM40O482PEof5n7b2OdCJaYKvgC5Sw1nCQcvGlWbCxuBc5PI2', 'Thomas', 'Sophie', '0456789123', 0, 1),
       ('lucas.petit@menifestation.com', 5, JSON_ARRAY('ROLE_USER'),
        '$2y$13$37edNM40O482PEof5n7b2OdCJaYKvgC5Sw1nCQcvGlWbCxuBc5PI2', 'Petit', 'Lucas', '0567891234', 0, 1),
       ('emma.robert@menifestation.com', 1, JSON_ARRAY('ROLE_USER'),
        '$2y$13$37edNM40O482PEof5n7b2OdCJaYKvgC5Sw1nCQcvGlWbCxuBc5PI2', 'Robert', 'Emma', '0678912345', 0, 1),
       ('louis.richard@menifestation.com', 2, JSON_ARRAY('ROLE_USER'),
        '$2y$13$37edNM40O482PEof5n7b2OdCJaYKvgC5Sw1nCQcvGlWbCxuBc5PI2', 'Richard', 'Louis', '0789123456', 0, 1),
       ('julie.durand@menifestation.com', 3, JSON_ARRAY('ROLE_USER'),
        '$2y$13$37edNM40O482PEof5n7b2OdCJaYKvgC5Sw1nCQcvGlWbCxuBc5PI2', 'Durand', 'Julie', '0891234567', 0, 1);

INSERT INTO lieu (nom, rue, latitude, longitude, ville_id)
VALUES ('Place de la République', 'Place de la République', 48.8674, 2.3630, 4),
       ('Place de la Bastille', 'Place de la Bastille', 48.8530, 2.3690, 4),
       ('Hôtel de Ville', 'Place de l\'Hôtel de Ville', 45.7578, 4.8320, 5),
       ('Vieux-Port', 'Quai du Port', 43.2965, 5.3698, 6),
       ('Capitole', 'Place du Capitole', 43.6045, 1.4442, 7),
       ('Place Royale', 'Place Royale', 47.2130, -1.5586, 8),
       ('Grand-Place', 'Grand-Place', 50.6366, 3.0633, 9),
       ('Nation', 'Place de la Nation', 48.8485, 2.3950, 4),
       ('Bellecour', 'Place Bellecour', 45.7570, 4.8327, 5),
       ('Préfecture', 'Rue de la Préfecture', 43.2985, 5.3760, 6),
       ('Campus ENI Saint-Herblain', '3 Rue Michael Faraday', 47.225, -1.6178, 1),
       ('Campus ENI Chartres De Bretagne', '8 Rue Léo Lagrange', 48.0389, -1.6920, 2),
       ('Campus ENI La Roche Sur Yon', 'Boulevard Rivoli', 46.6743, -1.4158, 3);

INSERT INTO sortie (nom, date_heure_debut, duree, date_limite_inscription, nb_inscription_max, infos_sortie,
                    organisateur_id, lieu_id, site_id, etat)
VALUES ('Manifestation Nationale CGT', '2025-09-15 14:00:00', '02:00:00', '2025-09-10 23:59:59', 100,
        'Manifestation contre la réforme des retraites', 1, 1, 1, 'ouverte'),
       ('Marche Solidaire CFDT', '2025-10-01 10:00:00', '03:00:00', '2025-09-25 23:59:59', 80,
        'Marche en soutien aux travailleurs précaires', 2, 2, 2, 'en cours'),
       ('Rassemblement FO', '2025-08-25 17:00:00', '01:30:00', '2025-08-20 23:59:59', 60,
        'Rassemblement pour la défense des droits syndicaux', 1, 4, 3, 'terminée'),
       ('Action Solidaires Éducation', '2025-09-20 09:00:00', '04:00:00', '2025-09-15 23:59:59', 70,
        'Blocage symbolique des rectorats', 2, 5, 4, 'créée'),
       ('Grève Générale FSU', '2025-10-05 08:00:00', '08:00:00', '2025-10-01 23:59:59', 200,
        'Grève nationale dans les établissements scolaires', 2, 6, 5, 'cloturée'),
       ('Manifestation intersyndicale', '2025-09-01 15:00:00', '02:00:00', '2025-08-28 23:59:59', 150,
        'Manifestation rassemblant CGT, CFDT et FO', 1, 8, 1, 'annulée'),
       ('Rassemblement pour la paix', '2025-09-10 14:00:00', '03:00:00', '2025-09-05 23:59:59', 120,
        'Rassemblement intersyndical pour la paix dans le monde.', 1, 1, 1, 'ouverte'),
       ('Débat public sur les retraites', '2025-08-28 18:00:00', '02:30:00', '2025-08-25 23:59:59', 50,
        'Débat ouvert aux citoyens sur la réforme des retraites.', 2, 9, 2, 'cloturée'),
       ('Opération "Ville morte"', '2025-09-03 06:00:00', '06:00:00', '2025-08-30 23:59:59', 200,
        'Blocage des axes routiers pour protester contre la précarité.', 1, 7, 3, 'annulée'),
       ('AG intersyndicale enseignants', '2025-09-05 17:30:00', '02:00:00', '2025-09-01 23:59:59', 100,
        'Assemblée Générale pour discuter des revendications enseignants.', 1, 6, 5, 'créée'),
       ('Marche des soignants', '2025-08-26 09:00:00', '04:00:00', '2025-08-22 23:59:59', 150,
        'Marche de soutien aux personnels soignants.', 2, 3, 4, 'terminée'),
       ('Distribution de tracts', '2025-08-27 08:30:00', '01:00:00', '2025-08-26 23:00:00', 30,
        'Action symbolique dans les gares.', 1, 10, 2, 'en cours');




INSERT INTO sortie_participant (sortie_id, participant_id)
VALUES (1, 1),
       (1, 2),
       (1, 3),
       (2, 2),
       (2, 4),
       (2, 5),
       (3, 3),
       (3, 6),
       (3, 7),
       (4, 4),
       (4, 8),
       (4, 9),
       (5, 5),
       (5, 10),
       (5, 1),
       (6, 6),
       (6, 7),
       (6, 8),
       (7, 9),
       (7, 10),
       (7, 1),
       (8, 2),
       (8, 3),
       (8, 4),
       (9, 5),
       (9, 6),
       (9, 7),
       (10, 8),
       (10, 9),
       (10, 10),
       (11, 1),
       (11, 2),
       (11, 3),
       (12, 4),
       (12, 5),
       (12, 6);
